{"cameraMode":{"drawMode":0,"name":"Shaded","section":"Shading Mode"},"sceneLighting":true,"audioPlay":false,"sceneViewState":{"m_AlwaysRefresh":false,"showFog":true,"showSkybox":true,"showFlares":true,"showImageEffects":true,"showParticleSystems":true,"showVisualEffectGraphs":true,"m_FxEnabled":true},"in2DMode":false,"pivot":{"x":533.0260009765625,"y":1.7549452781677247,"z":473.8607177734375},"rotation":{"x":-0.19198212027549745,"y":0.023344269022345544,"z":-0.0046083033084869389,"w":-0.9812731742858887},"size":897.293701171875,"orthographic":true}